position,x,y
0,0,0
1,0.1783133154674095,0.022292993630573247
2,0.10910296257706276,0.06369426751592357
3,0.20029396447583844,0.12420382165605096
4,0.08680996894648949,0.009554140127388535
5,0.18235137022037487,0.12101910828025478
6,0.1273071351888564,0.05732484076433121
7,0.18235137022037487,0.022292993630573247
8,0.4225864471201156,0.4394904458598726
9,0.1143067033293416,0
10,0.09317939569808183,0.01592356687898089
11,0.12269515745741663,0.03503184713375796
12,0.08999468232228565,0.0031847133757961785
13,0.11627496444001005,0.03184713375796178
14,0.09716668418523296,0.01592356687898089
15,0.4627153557733633,0.06963702357893133
16,0.5857202904121005,0.3841617459221065
17,0.4719465858562605,0.06517229813738139
18,0.240179164352091,0.022292993630573247
19,0.22077892508424438,0.03184713375796178
20,0.16877914829809285,0.0031847133757961785
21,0.2493809574456184,0.028662420382165606
22,0.1975140820370748,0.022292993630573247
23,0.2268819263991028,0.0031847133757961785
24,0.5800429658768843,0.3343949044585987
25,0.5332823158339115,0.006369426751592357
26,0.603166126778693,0.009554140127388535
27,0.875912614680625,0.025477707006369428
28,1.4203157064603227,0.009554140127388535
29,3.5407540389576013,0.03503184713375796
30,3.836036473245133,0.009554140127388535
31,1.1109023394160662,0.06793034082459297
32,0.7402233982421308,0.39078076674033274
33,0.5351144528218117,0.06602563951455055
34,0.10367793595641332,0.012738853503184714
35,0.1207365154426955,0.044585987261146494
36,0.033187571000312804,0.006369426751592357
37,0.08570466830893751,0.044585987261146494
38,0.07068838351180456,0.01910828025477707
39,0.1089049440213587,0
40,0.47557985820219195,0.3343949044585987
41,0.05590723531947064,0.0031847133757961785
42,0.06546137544685918,0.025477707006369428
43,0.09412379582902478,0.07643312101910828
44,0.042741711127701344,0.0031847133757961785
45,0.10367793595641332,0.08598726114649681
46,0.05866527800668223,0.012738853503184714
47,0.11494288327741747,0.3105157382480847
48,0.8821433413799507,0.7072357651537323
49,0.19038503003730925,0.3387867283531861
50,0.4295715201553449,0.5490376651265746
51,0.21258618364425688,0.4312219543165156
52,0.19299508985138175,0.4325261933654111
53,0.3448859153969902,0.6153160762336799
54,0.48469392150705803,0.7679045055135088
55,0.4641129942452066,1.4450648759772118
56,1.4890968296249938,3.677043079758612
57,2.0867372521698253,10.752420940535398
58,10.393974299081206,2.970017128904553
59,17.987417522518022,0.9110244163808046
60,7.971236763055497,0.9168481955750376
61,2.624096181669409,0.7502856637978871
62,1.6464321160768771,0.8561478115473798
63,1.2639420340177476,0.372777454007344
64,0.9808806223418985,0.6203524761544537
65,0.33773718024957616,0.1151998049134428
66,0.12556161474088698,0.03184713375796178
67,0.16958425954176928,0.05647149938716203
68,0.08632436769047182,0.03142046306937719
69,0.18841012075767305,0.05849052676364472
70,0.11703648884113234,0.025477707006369428
71,0.11657914476053552,0.013904539502498212
72,0.6808654550332124,0.4301947096499496
73,0.1059461642876452,0.01751592356687898
74,0.1006050039549455,0.04936305732484077
75,0.15488255092390138,0.07239506626614291
76,0.08120747259200467,0.02823574969358101
77,0.14200627784029585,0.05052874332415426
78,0.11141148339625417,0.05371345669995045
79,0.24260292990142499,0.2037103711467771
80,0.990957882210905,0.9491357540021392
81,1.0443304341747224,0.9334359763385716
82,1.167932280113519,1.2457866742253467
83,1.4966284867840252,2.3399338629621766
84,1.455407360375046,2.586120621829927
85,1.8491499849130029,12.601723621648784
86,2.4140178816056466,28.28518128834631
87,8.884415041463134,7.1669114111788454
88,31.82527922901616,7.406473893153041
89,15.026414122291031,5.2458111856174
90,4.840507243517754,1.2708792380750238
91,1.8313348548119257,1.133112143604254
92,1.4187314693228692,0.9201155970823025
93,1.1468490276629986,0.5628978921543999
94,1.159482551887694,0.7830434303364642
95,1.265866667246586,0.7419955593417141
96,1.1505308017477165,0.9869528399735896
97,0.2053513789307915,0.12883017822856985
98,0.12148145106128692,0.041401273885350316
99,0.19247892276617645,0.06369426751592357
100,0.12616403214346214,0.050955414012738856
101,0.21238320185189882,0.04777070063694268
102,0.13092884500026686,0.050955414012738856
103,0.10414597760889066,0.034099066182122766
104,0.7406007779507671,0.5911180336611631
105,0.10371930692030605,0.06050955414012739
106,0.134906864942005,0.10509554140127389
107,0.20538487275605588,0.08237587708211604
108,0.16927272674589275,0.09829944396109694
109,0.2131263569669148,0.09829944396109695
110,0.16637709067957437,0.13853503184713375
111,0.2975514889041981,0.4118096250808437
112,1.7398512704286884,1.8280903250873854
113,2.2806501207116754,2.933612505148859
114,3.269959588621539,9.495540808037982
115,9.772582432033714,17.634576845295197
116,31.618182748115125,16.66890293538143
117,18.439588166920903,16.84570981416145
118,4.680883164028652,9.564830414069622
119,2.6921681279934124,3.3108206439517827
120,1.7191906544235103,1.6727230315716473
121,0.28637475433357457,0.6028545061113324
122,0.35054336624072663,0.5187769434125845
123,0.3528344233622552,0.2573287187217323
124,0.2920801843685592,0.44680432593981445
125,0.31535821323682,0.4190495839496676
126,0.3111752965055889,0.46916175319613923
127,0.24412465273610753,0.2508875260858056
128,1.0121265936952772,1.0407094743079384
129,0.19806813272025714,0.25251476333723455
130,0.17248655387869213,0.24157980067451032
131,0.16457428443039668,0.2046427118949262
132,0.1785011542786653,0.2053365311471514
133,0.1564675015324538,0.1711511750349545
134,0.15741467026893607,0.24882817572554009
135,0.1259236471529123,0.10675258008213448
136,0.9287526997300929,0.9262259623994771
137,0.6899532918673781,0.7702515003268007
138,0.6416253339242765,0.9849612248527426
139,0.8982829549170994,0.9928804218567255
140,0.9037109852336074,1.2794849478742647
141,0.8531532148858824,1.8565802044294095
142,1.3411054519776595,5.044806758645562
143,4.788257113094564,4.131845687386421
144,12.678747753385968,10.134502702650366
145,7.127818337620889,14.535640232459984
146,1.8816898700182079,6.154793259893409
147,0.8877767660442538,10.751329096923188
148,0.7647919043396583,2.914140826699921
149,0.798020487186205,1.3476161269795928
150,0.7833417833642399,1.3387592777583828
151,0.728192278997962,1.9840628580093493
152,0.8893024494489351,4.700931341027977
153,0.13150235087268908,1.8933167348023487
154,0.1558219716056219,0.7249398635277553
155,0.20190716218077256,0.502814700273664
156,0.16844538277362256,0.36235306030308406
157,0.21390377889217427,0.33001669691599306
158,0.1922277851965562,0.3113454640697968
159,0.30120383048981525,0.3941596546734196
160,1.3241501821531458,1.0734638205459979
161,0.8847584149447704,0.2584333625524784
162,1.3011955839526943,0.36842731075649937
163,1.3768724191007105,0.21791146422962718
164,1.5034313825682546,0.33486464788968806
165,1.3337404068425542,0.23549018820390524
166,3.0444567321817626,0.285387663134124
167,11.018644796836822,0.23326317179823194
168,12.703473111589005,1.1187642405128535
169,9.759256673073256,1.300182264152158
170,9.297044813893743,2.135827261433543
171,6.22826822077086,3.4370806367282056
172,11.855791044919739,9.433825306724952
173,4.860026007527583,7.067940551116017
174,2.42600134228813,5.999401233227181
175,1.69056963654679,4.135751197597015
176,1.4977750583967158,6.511117104462867
177,0.3281234730932909,1.129905304693074
178,0.2130323012267859,0.3493856903859444
179,0.2407077709968675,0.23027128341573208
180,0.20335395584171606,0.25885426422343166
181,0.2512831963570847,0.37638477633203327
182,0.22173261710247105,0.2831313987385133
183,0.206464322588779,0.15025227720203027
184,0.7753208515387744,0.6765566659548595
185,0.2151238774729665,0.050955414012738856
186,0.202297616763712,0.21520105791392038
187,0.27843563194949067,0.13694267515923567
188,0.21995928613237958,0.21838577128971656
189,0.26756039964481176,0.19659888792219388
190,0.2611075281628431,0.2161338388655555
191,0.5192766089108896,0.2472635289040364
192,2.8148942294743278,1.1270211783540331
193,2.522031815970379,0.7166530435215076
194,22.33125843806197,1.159756971930739
195,12.606793638371995,1.3741342838032051
196,11.720133110885211,1.16110878938189
197,6.132871908636234,0.711424060081298
198,4.445130874022108,1.474925437984748
199,5.20129245324992,5.7290424018769075
200,2.0279635949390094,12.680722347195655
201,1.8649591794010627,5.307830990979049
202,0.5951480577241516,4.540918927055167
203,0.506944803614157,5.875134371823581
204,0.585518524885431,7.614046760425187
205,0.503015262406794,5.928705856417264
206,0.4497451339768971,2.427583270811746
207,0.3555522566963425,1.6817261361488922
208,0.9279866854623777,1.3645033419280472
209,0.19697815338813146,0.30975510409620216
210,0.16236679054604355,0.1910828025477707
211,0.210811034932159,0.21337579617834396
212,0.17737198901626527,0.19857994256767414
213,0.20932031751624486,0.16475175416423207
214,0.21064241589149357,0.15562428472542814
215,0.13289027505643028,0.08598726114649681
216,1.0197082647749005,0.7897696020536173
217,0.8283938749551686,0.09872611464968153
218,0.7278755965609292,0.1751592356687898
219,0.9941357726079274,0.25477707006369427
220,0.8540358390134689,0.16560509554140126
221,1.302491793111189,0.267515923566879
222,2.4460519024097493,0.24327077239350306
223,6.657043190816391,0.2417589801555941
224,14.979614966139243,1.1318161799550623
225,20.77116343006334,0.8945303896472472
226,3.0478097244382063,1.200280257733934
227,2.1810730662317948,1.0837919416422777
228,2.153301630900776,0.9203236940942399
229,1.6880423877542694,1.0382535867641252
230,1.6621202649386024,3.7614251415106796
231,1.3522142106895858,7.460357102721588
232,1.3665855040314128,4.609303942795618
233,0.23458664305523813,6.545342219539844
234,0.2871011729473764,10.244850388978156
235,0.30216885267543186,4.617788700837539
236,0.2679849713628931,1.7511529533801737
237,0.2974337691655324,1.340664401410908
238,0.36541264912878463,1.3335700463963227
239,0.3061024317024776,1.1976192603996076
240,1.058908949563826,1.3853945666964678
241,0.374608314829971,0.2907150373395254
242,0.49152359563805104,0.25870079875021934
243,0.26673691996495086,0.4454332019228804
244,0.34838786542763894,0.2953799235730956
245,0.28349854360545695,0.2169744158255581
246,0.45571178979227167,0.18592980379862525
247,0.2663940011442261,0.15201290066104736
248,1.5783504914173938,0.6993944360707081
249,2.173286656247315,0.06398334482540136
250,2.277358975688118,0.16517842485281667
251,4.534350439579238,0.11740772421587399
252,7.97060104769011,0.16415984754135216
253,44.08222340555627,0.12420382165605096
254,18.37465645329974,0.1751592356687898
255,4.767554513831021,0.29525912028885676
256,2.4623428267776353,1.6492754746101144
257,0.40158500416742854,1.6870812321387934
258,0.2788804235956824,1.9091844337890362
259,0.2543589373397152,1.993107545013757
260,0.21356369879457915,4.379633581080881
261,0.2521491074750398,4.1584111090121345
262,0.2248686866235377,9.945946800357415
263,0.16122647880570645,25.557538113976545
264,0.8313724367853706,10.304748229925687
265,0.13518006247764278,3.7326387801007135
266,0.20782949335997522,1.8101162650501623
267,0.20132247322927607,1.0201078821552756
268,0.17186065217462,0.9304371598147263
269,0.200076017758167,1.0533340631632175
270,0.19570629567131306,1.1073981417349088
271,0.25582402161436923,0.94318768186652
272,1.1253335507471427,1.2524812175674298
273,0.5728532245865969,0.2571976984028729
274,0.6782505406181448,0.2070063694267516
275,0.5527858275855705,0.1751592356687898
276,0.719032707243425,0.21543232901612924
277,0.6949408880995023,0.17112118091582446
278,1.130195146964584,0.17197452229299362
279,3.214198664823509,0.09307243589615156
280,6.438585851769864,0.9947299614009927
281,16.661727270121858,0.2363845378069796
282,18.876917962438394,0.5341785057565888
283,13.2314959850564,0.3761056418756487
284,6.771714517109528,0.410828025477707
285,3.536110734983077,0.3614649681528662
286,2.608917644235918,0.49363057324840764
287,2.2472151973173355,1.1129171516359015
288,1.8788372989740902,4.019401161767687
289,0.31736024658501283,4.872645866010436
290,0.364631707456427,5.145629541295501
291,0.3427189891068961,11.269527508854571
292,0.24993839075660473,33.25997195375247
293,0.3257119729313613,19.549755174078992
294,0.3169872723649129,7.609518754802046
295,0.20078129499583075,3.9035360360108293
296,0.9543379970582858,2.449347308045122
297,0.18019699188269078,0.44513602776251693
298,0.24956463376772733,0.6630454886715392
299,0.2981900503841826,0.5097868378720063
300,0.2230460901445925,0.6345448142225475
301,0.24339583584665955,0.48440671757042686
302,0.24630945851053393,0.6304603170345038
303,0.3309656504059596,0.40220617930314423
304,1.4649014098721227,1.3672873818960432
305,1.8682231776495932,0.37700166754217773
306,2.113848474284618,0.3167035461101435
307,2.186901481464833,0.27331170948937766
308,2.167682991154582,0.23740580384505183
309,3.4610617507073242,0.2626317243313406
310,4.668031314403632,0.2668952079565102
311,26.53394254858674,0.12228233750526053
312,18.961028128328813,1.221000215579799
313,8.31234183584733,0.9235977923385867
314,5.495415844791862,1.1908010274767677
315,2.9167370043443177,1.4285500838082081
316,2.3209972231592912,1.8703978719673582
317,1.6787271640699892,3.5892007389841507
318,1.3753218149748156,5.06139107320235
319,1.428972714769209,8.138229199358282
320,1.5206289582884,13.173192471249147
321,0.3081093689303066,17.67611502950524
322,0.3270321918768922,16.197839859927225
323,0.3338777307636981,3.3914910251027393
324,0.3311950321993691,2.137999152889854
325,0.3385206482474205,2.131272602047256
326,0.42324567743897756,1.8278588415525658
327,0.3786846092100078,1.6613807215244814
328,1.2169491388697367,1.5616718075883822
329,0.3777303532806538,0.2999512398373758
330,0.5025923656359689,0.3778693981271854
331,0.624387007793986,0.38624333924183457
332,0.5739927265152924,0.34448294161330045
333,0.5831481531427509,0.43101167379027655
334,0.5457826519151483,0.43564450654009496
335,1.5971194686315595,0.47374800052277144
336,4.009232640778464,1.5148084169882143
337,6.021717025952294,0.40576388978781636
338,11.408983705347385,0.6522784735820554
339,31.65159580012478,0.5089858116277937
340,28.619569273102993,0.6598611900655326
341,8.703465264720155,0.4734241785245251
342,4.133398329712316,0.6400098318094078
343,2.890532141509415,0.4139277629612954
344,2.079950858748546,2.077187694057364
345,0.3709488230797854,2.7364462135689767
346,0.6079426417743176,3.357795104005387
347,0.48920202782974737,7.4608175782058135
348,0.46615317413112506,16.218606220178685
349,0.4769360865625639,20.323540536240593
350,0.6094180966559766,28.50835715123845
351,0.41896730646580266,13.715910227089022
352,1.4201058016590504,6.222088855341092
353,0.4236329110082223,2.0496004065931457
354,0.3463647707551016,0.7731190432250982
355,0.3573129430445093,1.9048219744189365
356,0.33516013233497005,1.3058411484517598
357,0.3678732192378624,0.6982036506635684
358,0.36407767539515634,0.5600582955033192
359,0.2544296543389168,0.5528687079739302
360,1.6085587801188186,1.082793438300408
361,2.1858794343712287,0.1351312854344043
362,2.447096219172737,0.24927115937415617
363,2.2299558240097364,0.2319973212793218
364,2.432156395720323,0.2704212185439804
365,4.457710281480901,0.22464310353198932
366,13.957680827198033,0.2569196417588904
367,27.993634348345985,0.3546691010093557
368,29.716482844733267,1.479768847861616
369,19.845534874726834,0.5225176041495008
370,5.817401205824338,0.7352400871475635
371,2.8813412649005294,0.6662340299796892
372,1.9724580730748902,0.7811551752955959
373,2.0634367768345667,0.6792447049491235
374,2.1411671492515674,0.8875140502314519
375,1.8314506189300495,2.170631693850565
376,1.6736709109603203,5.6772651949380215
377,0.23145734141516572,13.985622337393771
378,0.42357904470185487,13.65212485215364
379,0.3784450785228177,6.976484727248948
380,0.2984084164759578,14.280969506088333
381,0.3971487916598004,4.443970905811105
382,0.43222289198725594,2.9816701864313178
383,0.4745212772123716,2.392245604266442
384,1.6703912898770783,3.408568818882261
385,0.757595691066481,0.41889073046042774
386,1.0403615535070478,0.24917340127090876
387,0.888954850316348,0.19288279688732016
388,0.8682647410215987,0.2450121207989402
389,0.8288535091683121,0.20219440519134857
390,1.1393037118436609,0.2261362672161439
391,1.9398831253924442,0.09193001720950458
392,5.5632806685227125,0.9736875316225296
393,7.504513944754596,0.08061525362309895
394,11.188436299802005,0.21992895220053543
395,19.010628298217032,0.17196289543395143
396,26.047913164681994,0.20733681770012216
397,27.014764731229963,0.17844466670914277
398,10.577630678732856,0.2514200429357685
399,4.6228815880201655,0.3279861368684891
400,2.9428141520445976,1.5419240988855214
401,0.8529660580257685,0.9801295777371754
402,0.587487687373689,1.233084281768273
403,0.7095152956199839,1.1612911010917777
404,0.683020292156447,1.3488234116726021
405,0.48424741022437523,2.127992589612245
406,0.5686646705693298,2.7849694864814616
407,0.46767220746017235,9.600407806178566
408,1.3587814010445696,21.885683717346453
409,0.3564115198619476,18.215619590821078
410,0.46617050919798436,4.967201462699671
411,0.5010702220471964,2.1366706925591132
412,0.6203599525957246,1.981364317598198
413,0.5484372790754805,2.0625136792981493
414,0.47306476348729914,1.973286493687384
415,0.6626024734290433,1.5370478729215487
416,2.194375652001331,1.7264385182330895
417,1.3159858184747257,0.32727948027529985
418,1.5924717186271165,0.2594398140609483
419,1.3771054481075957,0.18661807710622075
420,1.2400410332213927,0.246274289869179
421,2.541775824237534,0.24871998793424624
422,2.302838316891532,0.2751696152990229
423,2.5974285191673094,0.11092397139784135
424,15.043954954563995,0.930816604187847
425,47.39301452356105,0.18269434841969565
426,44.64645681952952,0.33846101806302004
427,10.082422473723277,0.23194307967809616
428,5.388312584252285,0.2569202395254073
429,3.680268795132004,0.2349169324380148
430,3.3201945042039505,0.35108554549976445
431,2.80451138642792,0.6512772536163575
432,2.5448046699869145,2.437616792489099
433,0.514698820210854,4.520611314265006
434,0.3726117374146954,3.141609116453296
435,0.37278369736534045,3.8557124488463463
436,0.36607401972950915,5.998969197345092
437,0.3458552099717374,4.235067803522582
438,0.40836438578400974,12.785472782287352
439,0.213313082582243,6.499176463526881
440,1.1726946800491533,3.194014115853184
441,0.25538574670823927,0.729662937060071
442,0.4375612553003622,0.6015068460373819
443,0.35201219874744294,0.39319257415228276
444,0.3714690018850202,0.48854490607250567
445,0.395068051608559,0.3462511258873298
446,0.39661650442818586,0.49715298451411516
447,0.5524375435907807,0.3739291658241182
448,2.3472029836356203,1.201663545711889
449,2.924695757837028,0.26207187550613226
450,3.544400024963964,0.2977003465319057
451,6.213481433126517,0.23291832415262417
452,13.290309382227962,0.33096637158999503
453,27.06558415066295,0.2347604605885894
454,26.25806265101392,0.3087103863561627
455,16.3363776242356,0.18002423259628633
456,3.089876740359317,1.1675908297820297
457,1.228285677312093,0.5819841001715358
458,0.9963210876225072,1.036572541593985
459,0.7726025643841927,1.0737315156154874
460,0.906579449435884,1.2243201508484487
461,0.6243168550733705,2.0316074296596733
462,0.7687440633022635,1.6257073183627597
463,0.5859711222877972,4.329106394962383
464,1.5718041202016544,7.884281034397004
465,0.41691990831937076,6.062904076895903
466,0.3777318195077865,5.715792583272652
467,0.35970881131729365,9.755799993009395
468,0.31146733834666745,2.625627656020637
469,0.37980983049505673,1.9802487516641443
470,0.32099840114228256,1.5212410452856084
471,0.2417157428712072,1.21632487088572
472,1.2158962727878377,1.459707399227891
473,0.30083906511945485,0.1851047373952244
474,0.3691050890520357,0.38847203610597847
475,0.3911170085035267,0.28664829618639814
476,0.3538050816754625,0.3746766907108976
477,0.4208498943950025,0.35728304049010684
478,0.4208873886878626,0.36678691100254873
479,0.7648539700496677,0.36525931622192603
480,2.9862446181642968,1.3471380227213605
481,4.304430339601372,0.4296268118496758
482,9.124755212043224,0.5182405265274213
483,33.247729277166115,0.3846148973000364
484,19.92629547770377,0.4705849355669713
485,8.559571504150078,0.3668040793872027
486,7.462541829934471,0.5061315167218515
487,3.369165573105631,0.44978722680710365
488,2.3232937342545745,2.74566734202501
489,0.612594938340358,2.9066050628735574
490,0.9286972578979141,2.8915887922326613
491,0.6164892748147747,3.623516007077854
492,0.6785580631704021,6.146557864556834
493,0.5783226046970241,7.42642703834316
494,0.7983435599105495,18.725269821528673
495,0.46546324185204985,12.907843893795953
496,1.600072778901183,13.192490157791134
497,0.4647384199130392,8.406597236253495
498,0.3577994558359791,2.2455074943780686
499,0.36703905230811823,1.5211077492138323
500,0.3290219715312363,1.3505133227239656
501,0.34222433656874796,1.2393150555524195
502,0.3332611569315334,1.2726757396358226
503,0.21989142513687843,0.9484755094902739
504,1.3973635674531582,1.2513587263441501
505,1.4452401196296458,0.1753107195991608
506,1.9558381370084243,0.3205096966192651
507,2.451242661493206,0.2762778932793331
508,2.5159992787858845,0.3321348969002113
509,1.8116278573548885,0.2888482943519694
510,4.2483354256903,0.36018374870663616
511,7.120912024160658,0.3791083167090878
512,34.397038555898305,1.4615455145356655
513,22.044438531347073,0.31398940769426664
514,12.203226971485783,0.5398097850393544
515,5.465735691261953,0.4758704234093809
516,3.737969320420717,0.6091496827118823
517,2.972200642041415,0.5053970005672456
518,2.857081714002695,0.6253443375199743
519,2.553082725247801,0.3630431959145816
520,1.9771284733613723,2.251448965301192
521,0.3928677566930279,3.5045934366672045
522,0.5174773588332792,5.33848962067247
523,0.4309313314713006,7.824622822620515
524,0.5674924654551394,10.546547241984667
525,0.5473455897068271,22.108441354701572
526,0.576212632749603,13.027820927717158
527,0.5352425763858478,8.953339310578103
528,1.655305750586521,5.365401418124938
529,0.6128915362842439,1.0068002562652107
530,0.7989154877246242,0.5127388535031847
531,0.661066832017135,0.37510790503635355
532,0.7482470818510515,0.3467070872731988
533,0.5532042912116257,0.3963473626669172
534,0.7818563737817733,0.4398844724743884
535,0.6324162955294632,0.3171419608119613
536,2.35676443620244,1.295521448499071
537,2.918644075122117,0.1735668789808917
538,5.272178548295913,0.26936668417224263
539,10.899771519105837,0.3268972971689955
540,12.41245877536127,0.3140304180747261
541,17.96303237443346,0.30763718538647555
542,12.92519836264914,0.321656050955414
543,5.689572024592348,0.3489512421027428
544,3.3470729286963308,1.5337104782315338
545,0.8138073592732079,0.5002583037838714
546,0.4377741192007354,0.6813790749975273
547,0.40011138223520704,0.5592447375409305
548,0.41873602706887925,0.6264299464371543
549,0.4142020093862392,0.49995583154975193
550,0.3943582958613453,0.6734857122993151
551,0.3231029699036992,0.776892212433205
552,1.1662137394378191,2.8531959682658283
553,0.2651451301532718,8.384721166511616
554,0.3968393502588356,8.952456418262638
555,0.344813161251522,9.495281128319649
556,0.3581188990880766,12.498231298918231
557,0.38773308842736354,6.770675375979814
558,0.34739638971338793,5.602899008054141
559,0.6274928938957587,2.397692931383321
560,1.8140297683418771,2.061598977926351
561,1.4251659905001421,0.33231610061051065
562,1.7266740426262503,0.3089171974522293
563,1.6901832843097642,0.25796178343949044
564,2.3765018285724286,0.2719331927756687
565,6.971893892318656,0.25796178343949044
566,17.670168156438276,0.26504695818914514
567,6.267877263549104,0.1178343949044586
568,5.7726903016917746,1.1114649681528663
569,5.373125485939285,0.08917197452229299
570,22.070205207914395,0.2340764331210191
571,16.103272513404395,0.21337579617834396
572,6.108382456912663,0.24301236847603752
573,3.1228323235351207,0.20063694267515925
574,2.516069503731898,0.21656050955414013
575,2.300870509633068,0.28490349692847705
576,2.3149344196662924,1.5308755651217107
577,0.5489950954616113,1.3230959029427518
578,0.40461967353510825,1.5380516421781425
579,0.392900547389322,1.4786451548281165
580,0.3532000715816388,1.5976074296902456
581,0.3953098095048158,1.9598915012512013
582,0.3863921698316902,5.30358215482084
583,0.28947601766472425,6.896538071599156
584,1.1871205300938903,17.28706663049582
585,0.46709544383312196,16.409504045221198
586,0.6187868610804204,4.1398250818755695
587,0.7873630710514821,2.140817320777392
588,0.8636222719350687,1.816128928109427
589,0.7813340448655557,2.1665317254450884
590,0.6379530524412919,2.329479925863945
591,3.614149141766731,1.7704764498953656
592,4.5761931565514695,1.7690083281533187
593,1.7234104582138858,0.29730362174463193
594,1.402462053622755,0.2515923566878981
595,1.5049225554020735,0.20382165605095542
596,1.8922479377728791,0.22929936305732485
597,2.129837673496803,0.2356687898089172
598,2.678291023796769,0.23248407643312102
599,15.495125330324727,0.10509554140127389
600,23.278423784695118,1.1842867051075936
601,11.366719836135193,0.1337579617834395
602,8.090227091415876,0.39171974522292996
603,7.017866801072003,0.267515923566879
604,2.822078632519518,0.3853503184713376
605,2.3593407140571125,0.3343949044585987
606,2.0429714257820573,0.35668789808917195
607,1.796324177471424,0.39383412089799097
608,2.0003460760027383,2.028581964146733
609,0.673062168217354,2.655904430728125
610,0.9097389874361183,3.9401303060879935
611,4.022763742056548,4.7724294968147065
612,0.739949174629942,13.541183722438827
613,0.6330960931012771,20.82025181160186
614,0.5253779808331026,20.332040083083527
615,0.44167614236088976,4.056999919577475
616,1.2107873924627894,2.491675727900541
617,0.3065966090935427,0.5456442979895456
618,0.4628381705990946,0.6167239013878185
619,0.39876701252773544,0.6152026176211416
620,0.3751532949728109,0.7237564620799477
621,0.4613017021083821,0.5839488294898575
622,0.4322731440620442,0.5550149703732841
623,0.8862854284660634,0.5094760083836193
624,2.731849197013921,1.7696423604256308
625,3.7808557982458764,0.5773587677109839
626,4.842784807608937,0.5749689809489147
627,18.14624093722177,0.5383047165298589
628,11.237716047614331,0.5052748819799104
629,13.818728159651004,0.31657126143411346
630,25.050677570805316,0.452172697504904
631,8.933543620058497,0.3440139767151298
632,3.0910943414261354,1.4532132525314778
633,1.0266211726310173,0.41498323075282684
634,1.0632021263648996,0.4260755655444669
635,0.7120574829543947,0.6284059454198386
636,0.7421754797278903,0.6926930181213666
637,0.806431204864423,0.6508660866918652
638,0.9574012367416802,0.5562460752971407
639,0.5252938943809538,1.3456639584302896
640,1.642335927653624,7.59264409006379
641,0.5395855061604903,14.850365832907498
642,0.30789287557640815,23.484442951892227
643,0.2929104328385687,17.662844109747354
644,0.2955419784389857,6.6469123807886366
645,0.29408376003287473,6.15834951911739
646,0.3267058127525119,3.0628250012871967
647,0.23196244282282763,2.4182809776199576
648,1.0101613101807112,2.124799844271406
649,0.33244286546405927,0.6626448716154496
650,0.3923387321581506,1.0811232604003866
651,0.39976663915291133,0.9066618254486695
652,0.4926869580955803,0.8293057598370769
653,0.7393540132458716,0.6323987389479405
654,0.584210571360029,0.7743149158487178
655,0.559758683912988,1.3405940608943636
656,2.0742222801387116,2.1243278894181903
657,2.1684528467998896,0.7134429429704293
658,3.7499496292456778,0.7398158426212407
659,22.08908642345022,0.7440150711212155
660,12.96948277669229,2.6107737843367618
661,3.1913667626521995,1.7627810207832875
662,2.580297149719234,0.7293104721181216
663,1.8561811063065263,0.4985254808036588
664,1.8987229140039505,2.0997114586456918
665,0.39860149271021283,2.125117709240146
666,0.6359104532312322,2.41294249270992
667,0.5185029261452452,2.7828184811720016
668,0.6069645882511725,3.2532417806896796
669,0.5306380873525156,4.696676031871044
670,0.6479371095096744,10.256488740593893
671,0.4569290379424009,20.936919771621174
672,1.2174356844179226,19.878420481906726
673,0.45821465230129116,5.071713599655034
674,0.293197406267647,1.683021581641954
675,0.2958480247396198,2.1239571464654303
676,0.35274224337897647,2.390579053073595
677,0.2957984620003315,1.9923291940167254
678,0.3285245267227105,2.1181183661129976
679,0.25312041475924835,1.0519793671034396
680,1.133876177437411,1.4841495861951393
681,0.627232625409975,0.18395669589957905
682,0.6369760763234428,0.3685231286286799
683,0.6874692626204651,0.35137063649350125
684,0.6846196196438352,0.3492530699045636
685,0.7184939455462571,0.3180602500390485
686,0.7744074820552408,0.3502335575778857
687,2.015385712356785,0.38068944325058773
688,6.370895357964708,1.4819073145371833
689,16.351974985731022,0.4371900751514349
690,16.69234028710671,0.5574992637289351
691,12.611894216781161,0.5881469109882781
692,5.271422718549773,0.6633160698198748
693,2.7259348465007225,0.5050655575494694
694,2.4916342162574963,1.02802944796191
695,2.2148999651090717,0.7958258455396522
696,1.840114343447326,2.337698027734393
697,0.4718351263448386,2.6442471651440416
698,0.718211416559902,10.359277436317486
699,1.3454301847309604,10.059541512738411
700,0.9520115197491841,16.892935070494524
701,0.7108493495246032,13.003876970107303
702,0.7762427614155746,6.987379606030976
703,0.5190850446231658,6.377603174604598
704,1.2878251011688198,2.889421907168401
705,0.4164458139997691,0.854437970023505
706,0.2801579595051833,0.46178343949044587
707,0.27971541347154283,0.28767556375452924
708,0.1928141976978102,0.28895557582028303
709,0.28707274709573805,0.3228217369547275
710,0.25677762344809546,0.29893638663625616
711,0.1861883856526318,0.24118487518334034
712,1.206431988721981,1.1290274209916815
713,0.9153677155673976,0.08917197452229299
714,1.1594520691452235,0.18378059484454315
715,1.255426142402627,0.20021027198657465
716,1.2907038012308647,0.20021027198657465
717,1.1909139668673916,0.18110199173179756
718,1.4535687641689605,0.19566610697055867
719,3.418569007665715,0.2579166989954454
720,9.85402908638854,1.3111346881364774
721,27.953080268370893,0.5492684936007304
722,23.056352747511003,0.7751720441273368
723,13.654178032238779,0.5975152620886748
724,8.793936426999753,0.7551885962268277
725,5.176583563892926,0.7873880722786657
726,3.7301822165930463,0.8280809715286137
727,2.961277400758264,1.972078430656757
728,2.136806983480725,5.7724387037401295
729,0.5664523031754065,9.084357293817003
730,0.7706611665322971,14.924987306752891
731,0.4533043302373146,5.114494467342138
732,0.6595186211459763,4.345880557068879
733,0.5776471635391458,2.9676904925596284
734,0.7590585595707767,2.0921483927113735
735,0.4626668628843379,1.4218866080286696
736,1.4498746698052514,1.859543088631673
737,0.5011250170843161,0.4052323054846598
738,0.4044439048400683,0.3139473469989228
739,0.3073255455674698,0.31844327547719953
740,0.3006348533420636,0.24704755060349634
741,0.31465086142955595,0.27469217834462406
742,0.38321814465349036,0.311963685438187
743,0.2240893086048482,0.2418595747336234
744,1.2959302087909397,1.2275333018584624
745,1.2431469225193894,0.22224390109585546
746,1.6371028598992163,0.37277442943490363
747,1.828998088792756,1.0575245027818985
748,1.5391584037168278,0.6695906093996302
749,1.453280021392545,0.35278341936275887
750,3.756406246343677,0.32115068756192144
751,7.914875841512191,0.5003329235553242
752,29.749974813451665,2.057480985487416
753,25.551247492716822,2.068866253692748
754,12.822932434256254,2.008607914989483
755,5.015078634270715,2.003213435838512
756,3.800977925269814,2.3359014018756823
757,3.1358236563076987,4.923153787512933
758,2.8283045124122177,13.11366613743464
759,2.4687864021060744,22.210715515579164
760,1.9034576782080237,4.653375328535714
761,0.3635744985854176,2.0703371048328902
762,0.5579478408978269,1.813216810835297
763,0.46434685594704833,1.870689415966889
764,0.7220120038436117,1.0288199780860272
765,0.5845845970393838,0.8173359208806261
766,0.7031144593574512,1.0671115062847571
767,0.481550035014057,0.7542554786453622
768,1.5282102983633121,1.4031111209593934
769,0.5309883489671037,0.42524251999007195
770,0.602656410388044,0.19685729183965944
771,0.5905332522578078,0.19935693060940546
772,0.5527065121701112,0.17649967291114083
773,0.5171055907823155,0.2226781906588714
774,0.5855820294105752,0.21190083620854547
775,0.42379477178081987,0.07714886901717066
776,1.801042900859184,1.0583262037262504
777,1.7596743377952513,0.11684346014818262
778,1.7897018524877315,0.248840798472605
779,2.166881346995527,0.21761186948701333
780,2.530861768483704,0.26491396532220807
781,5.389105518963248,0.23891392836131065
782,11.252018349581729,0.241998166407095
783,11.001426384139647,0.5194071184147695
784,12.956752817414046,2.281349852074388
785,8.50698404315521,2.895688281963096
786,4.277487161581036,7.448934209887638
787,3.3975800561582754,23.920992504745396
788,1.8734163355040399,16.470912163164183
789,1.5209592138161303,5.416641732657618
790,1.347830040964378,3.1462842157207014
791,1.4511522084198385,2.2568170368592284
792,1.4354498079268074,2.1372126223049395
793,0.2676840928037173,0.4940053473889682
794,0.3817166793332669,0.6760788913378508
795,0.33934174684398943,0.447034534636451
796,0.40153773042804,0.5515895113893198
797,0.3626914459358784,0.397336335100355
798,0.42303814683794444,0.5238079659699811
799,0.47090883231504077,0.4245329698735813
800,1.3615403426085433,1.492363764211596
801,0.4987697896544124,0.3781962568522568
802,0.6744539563400581,0.4012215716751209
803,0.4640213670676172,0.28644311108281195
804,0.5851399201044709,0.3403829596111551
805,0.4487446675255503,0.2787502688358608
806,0.59103570545484,0.38701905063640385
807,0.527610310920149,0.18057263889356306
808,2.04709991970572,1.304977744402669
809,2.2031734514750885,1.0598916954606161
810,2.991213840962989,1.192766463031875
811,5.324686030423944,1.2710859265253114
812,15.554465941812708,1.3333473070108373
813,14.823983942872312,4.2248383620929
814,10.690956208843623,5.382341062347082
815,4.843422908192102,7.471707404429471
816,4.345838901620723,18.846211324586577
817,3.1463023255516753,15.767555201636844
818,1.0067092892473177,3.41929551087648
819,0.7098380894064332,2.080409112070515
820,0.6469798745108313,2.189571798886582
821,0.6214797393394264,2.337161567996613
822,0.574847435705245,2.086483550968553
823,0.46581436969346735,1.5006763403576233
824,1.0706458984520797,1.5974730149271357
825,0.3050104768934499,0.5086010083985351
826,0.3684442994005281,0.7203282899646973
827,0.39407050657433573,1.3661605203238547
828,0.3491537896521244,0.8297889644006481
829,0.3802726506559941,0.7818561241546789
830,0.3886930901012393,0.7055816385195396
831,0.6027448266318054,0.7037135429390949
832,1.5741645286757175,1.7006805540189966
833,0.7997663101105973,0.5128949866128987
834,1.0445839779868742,0.8519719085291831
835,0.8468966482939679,0.6682863315937082
836,1.0243165284772622,0.7623848909561165
837,1.01740493423105,0.5502596355565567
838,3.0926288201118357,0.8757123755300226
839,5.245953510804669,0.7916796195712675
840,3.7388803808778044,2.3843558203405597
841,7.429470733176594,5.7270997802689445
842,7.611065819455287,8.18820938459498
843,9.3700488257183,4.988157862216849
844,14.073322094596495,9.729394775046345
845,11.911901822609531,22.305495845052274
846,5.481779346565225,17.816398483776418
847,4.351182747991649,4.26536427177109
848,2.5913175900706324,2.5687656161405568
849,0.7064794601196066,0.75335854847021
850,0.36094711450277006,0.40311893715434216
851,0.34020489603727755,0.3864894676597657
852,0.3186014325755578,0.4563854555722278
853,0.32731773599466224,0.49722468018907634
854,0.34439145371931984,1.012398041729189
855,0.2314641455436898,0.3359419895104991
856,1.1225484274872115,1.0390609677891374
857,0.25516674697574016,0.11662886341865965
858,0.33761043420251907,0.2466879848172169
859,0.33325866399936804,0.21163873338041328
860,0.27838270545062177,0.27321637928028697
861,0.32826813764300067,0.23290650985926864
862,0.3555779245972491,0.258371671287327
863,0.4860493370805275,0.42063271705276173
864,1.5506388224763865,1.6963169026321385
865,1.4427905899982851,1.1552855656520722
866,1.1480914567106044,2.0851260406047163
867,0.9365268813145768,1.9109242342228616
868,1.2390339582921641,1.4797459691953354
869,1.0590855745915093,1.1016750520408143
870,1.664074783954971,1.9627924916319317
871,2.675373425358199,3.96517442510137
872,8.796328384109666,9.598835450608897
873,12.676378220233582,6.501567201544125
874,9.152020239314899,23.385865504610496
875,5.9830375575017944,15.799823552807064
876,2.5797159106649037,3.7967810894168004
877,2.4963086434306403,2.294690141294061
878,2.336083228838047,2.8591085184164036
879,2.064110543407908,2.1808255526892966
880,1.9389662454325964,2.2495090651802645
881,0.4021054626183637,0.6052779195740138
882,0.2949371562166946,0.2073187140488959
883,0.2543374800985747,0.263051198125329
884,0.27736138591204584,0.20595926240867618
885,0.2309664454022026,0.29780785850087343
886,0.3371945983207068,0.21729952486486906
887,0.19804047129873903,0.08237587708211605
888,0.9090727239237623,1.0445116396960168
889,0.19628418769618036,0.11931242552591641
890,0.26334268180538684,0.2944483938820397
891,0.2789739969360254,0.26708925287829444
892,0.22635437547686427,0.32337662426101654
893,0.23810375311238074,0.2571084420623213
894,0.2760151815246066,0.24755430193493275
895,0.4965837676698548,0.45927373278167016
896,2.0053452048402485,2.0744370170575146
897,2.4859624169842984,2.5815155131302268
898,2.59374866766213,2.9788609016730585
899,3.486163150844316,3.787995691896059
900,5.705759841175432,15.997406252487034
901,8.87460298714847,9.20318820127886
902,22.03641666008642,13.317537674962558
903,24.45708316443138,26.604953358574694
904,9.298099436977479,19.850452942495366
905,2.9942070653223483,3.0240963735211657
906,1.49625197182045,2.214564422320545
907,1.161474805223445,1.516949796538475
908,1.2228790291476026,1.0740886503069438
909,0.8160675696293584,1.056764033240039
910,1.0024554916721264,1.3222398356663618
911,0.9421088121675624,0.8825642843778507
912,1.5078575598065116,1.6890719861346475
913,0.47491709992647174,0.4958640975952236
914,0.34378849444743564,0.2890432207537977
915,0.3237368694513058,0.2883913117525917
916,0.3462446826850915,0.23277315374259877
917,0.3133099528779076,0.28952632435989295
918,0.3169146956791984,0.2746243656292003
919,0.22081547027290305,0.1356626630934819
920,1.0646095472663697,1.0009924953269904
921,0.2394621672494616,0.16898896862781457
922,0.34346929073967614,0.31472738019551766
923,0.31266087597949793,0.2849175210673177
924,0.31682587849261423,0.27217456398266254
925,0.3216900593923759,0.3274847322881531
926,0.36953345697933876,0.29452289460762626
927,0.560663984684868,0.6775560437268419
928,2.248109590718582,2.7725563713874783
929,3.3936796190417313,4.103761726555575
930,5.4848770146496895,6.921302999974573
931,7.439665334206622,10.926566355757467
932,16.89494277943791,31.20523323336643
933,12.172415367789478,18.294271155963955
934,6.670453017245102,8.365482538323093
935,2.618569172901072,3.4982317617328027
936,1.8931853691211695,2.1889164416864997
937,0.3521387864720819,0.4987754732938112
938,0.5471179695197238,0.6473830798775041
939,0.3352332562853037,0.46977283929712027
940,0.4711739743526768,0.6464234217175189
941,0.403045773204051,0.5093701841814544
942,0.44213379206266495,0.6688913856994675
943,0.30971867242002865,0.4184738229913963
944,1.3523558524166794,1.5460546510235575
945,0.3646078444463292,0.3875476095465166
946,0.35266258588616195,0.3203901415194142
947,0.29537525947936333,0.31495564683332367
948,0.2931260337340766,0.3097432165279492
949,0.3410999636303531,0.2761497940106961
950,0.3305941198603779,0.31672324199080665
951,0.21399726145763848,0.17923532580589346
952,1.3409931130348673,1.3086742750665594
953,0.7087641741408202,1.5623952419803748
954,0.7936021969958402,2.0618347308687794
955,0.7816109921455217,2.009655169740219
956,0.8916728374080185,1.871153719163391
957,1.0621366966108428,1.9429257849655763
958,1.0938112523377757,3.227982365364437
959,4.413974164286894,13.04669335635992
960,6.641417738265057,18.31660902710454
961,16.707133854312257,28.90201321786916
962,14.246893067712975,17.408467321636884
963,7.896934644216693,4.9785157702232885
964,5.7955721308779875,2.9149484045756444
965,3.1860219241864804,2.733131582133597
966,3.0380195909073655,2.443470488093232
967,2.6873387827689164,2.1195561739941167
968,1.7184955574796255,1.8122436470460996
969,0.336834091992495,0.3823574305977691
970,0.5158161205784275,0.5820069794498849
971,0.40209594649054725,0.5220154866212979
972,0.45379994404844254,0.5408564388196515
973,0.46361677169112525,0.5526837507220405
974,0.4957657073100507,0.5817079929476894
975,0.39599867750520823,0.5612173860823999
976,1.4105759577638255,1.6010556736127197
977,0.42585279581516594,0.5698461945596719
978,0.47121096894084663,0.6569269382373472
979,0.36858692860077025,0.587301459865153
980,0.45001953977437426,0.6303573798829359
981,0.35132325638275047,0.46005795063409305
982,0.49044263808954713,0.6381075636998379
983,0.2750603804335116,0.4807386033464199
984,1.667479787541253,2.1918778945693886
985,2.0020861267859154,2.8542275396427894
986,1.9001588372881821,3.5966396734745225
987,2.4772826753012445,7.969315801282965
988,4.1955904475081525,22.236752421132987
989,4.374728790029631,27.220317086515834
990,10.13355363742208,27.933394658360708
991,9.490082057302557,9.103976662009359
992,9.213511932727457,5.683980125743986
993,2.6173077023384668,1.7233873942751694
994,1.1178050618475304,0.7514360965082945
995,0.8673305718601201,0.443621812198049
996,0.7667355159892207,0.4795852003452294
997,0.7613307466653834,0.5226444776594895
998,0.9329770736901173,0.42416830091251384
999,0.9509670238087213,0.32626802868685384
1000,1.0940620239192567,1.0313916857692393
1001,0.17787548279017787,0.10667128904710992
1002,0.22449033013727604,0.26863084330037823
1003,0.24880576496459111,0.2638632308703518
1004,0.21774499896291333,0.25984321743686634
1005,0.23761193440730496,0.2663468237473064
1006,0.2807422508639679,0.2989631292843341
1007,0.38416724692358833,0.28147578834231857
1008,1.293348293901513,1.5436171116510522
1009,0.42167842242799736,0.7042223310577929
1010,0.669538200068489,0.8647730642545384
1011,0.528787127731123,0.7420915083399157
1012,0.5503351793237287,0.7087081054763875
1013,0.4340547192843742,0.6464938546318053
1014,0.6451376923093083,1.3247098540955657
1015,0.4897493668127585,4.026937292460143
1016,1.8033656228078436,10.837689310394758
1017,2.5903283407482793,5.263467008628657
1018,4.019833341297908,10.187967887323436
1019,6.461835572721568,25.981364774469615
1020,9.779345730633366,6.783440376592212
1021,9.711680309075712,3.409669535331356
1022,12.424402646806236,2.506112828253152
1023,13.483506126145837,1.9962069712099029
1024,4.933219380138158,1.8492205091478455
1025,1.6072057880319643,0.3730580918552839
1026,0.5131055480038573,0.2849175210673177
1027,0.4754401588859651,0.22034664486155847
1028,0.33658604787676927,0.2125224548011748
1029,0.46919138252863474,0.2654200755852587
1030,0.5520524354815677,0.26851334279507344
1031,0.48433498829164706,0.12477457019566084
1032,1.036217950930429,0.8939333773348576
1033,0.2571396260909248,0.11406215014830452
1034,0.3383251407093052,0.16836313822861285
1035,0.32455856153158824,0.208911070736794
1036,0.33801496561640193,0.1950065312342958
1037,0.3511796194000315,0.23236975036668078
1038,0.35254741026464115,0.21847944901281866
1039,0.5920355597084487,0.3944528049511801
1040,1.4371951454171856,1.9961164850295057
1041,0.8270889630958203,2.0801259035616377
1042,0.8953803288570492,2.6261568098167416
1043,0.7826845466850088,2.8235875131483787
1044,0.7495426989094914,2.9633459591963174
1045,0.7551306276181455,7.194433187893135
1046,1.2342493609004679,12.531497529923042
1047,1.6909108426249144,28.51140449309249
1048,6.0386185697375625,24.412815652392705
1049,25.11309803124933,4.759985773788651
1050,18.049446835488784,2.053842442681892
1051,9.41035499599917,1.351209677802195
1052,5.968185108150485,1.4217940839447059
1053,3.9127196474252965,1.180072210322018
1054,2.7984355819379694,1.4241048957135094
1055,2.3680580256675494,1.2314197406808307
1056,1.8852380087967973,1.6101314117404373
1057,0.4735186543813558,0.4083132693942558
1058,0.25856604251251086,0.20063694267515925
1059,0.2701130709354927,0.2607198261267021
1060,0.2246287581821492,0.2202110330252929
1061,0.251966208143623,0.27388535031847133
1062,0.23114677643991127,0.22526130830435945
1063,0.15610739128467382,0.09872611464968153
1064,0.8750616042700137,0.7421491288066907
1065,0.15669281902236595,0.09554140127388536
1066,0.2462404608717131,0.20657969873816698
1067,0.24309031479747717,0.23438877774316344
1068,0.18411682884637212,0.23481544843174798
1069,0.25625413742883824,0.2534176184234745
1070,0.21201461892440993,0.24798097262351732
1071,0.4159646310343933,0.29836990848674966
1072,1.5500203725173245,1.9777609156554843
1073,2.1067476769893254,2.1641446358473737
1074,2.4104032401632436,3.54138387261441
1075,2.893395831791568,14.451229200607491
1076,5.601783596077163,25.953099285757293
1077,13.963400909165543,23.733961930411624
1078,24.118321574447823,5.86022353486972
1079,13.786330644901458,2.528864392922629
1080,2.5505021537951906,1.7878065217315697
1081,0.8786999562633273,0.33777648314571423
1082,0.8912774171759189,0.47426251643906275
1083,0.49547568845689555,0.3571300162699192
1084,0.46318795298812476,0.5270952928295163
1085,0.33566090179160746,0.3357456042712344
1086,0.4993303889696174,0.4863797195917036
1087,0.3388235943906163,0.3580283297179291
1088,1.0725527808520159,1.3719571903693994
1089,0.2676991967807265,0.4232435847873463
1090,0.2050675284251579,0.382645805758594
1091,0.23779109707426938,0.32171629160748055
1092,0.17494071795851923,0.3235858874315318
1093,0.2182330526169272,0.29373337096858354
1094,0.20303221600238897,0.2783349842728765
1095,0.15209308703593635,0.15989822710538135
1096,0.8241343431040256,1.2849582052324755
1097,0.15252897154802197,1.1260100567250697
1098,0.2164333516257976,1.470887367064885
1099,0.2357210642784777,1.4410803334759477
1100,0.19177566809528365,1.9084284749951381
1101,0.2186921777952214,2.5116526837784043
1102,0.2589881521495045,6.061182391486776
1103,0.5181270172535757,13.758928969257077
1104,2.1789512048254904,13.611294517288174
1105,4.230055328742765,24.610617420260354
1106,22.27126810302386,15.149813847614192
1107,14.229808470318275,4.188509472848445
1108,16.905566252651095,2.7517456693424776
1109,5.591038570631716,2.4163336541669262
1110,2.7128853584497814,2.262648987773031
1111,2.2594437328644723,1.814673074359763
1112,1.5987314145076483,1.4916647836464576
1113,0.3402410851733069,0.1799717857050794
1114,0.38846950900601823,0.34389801187713404
1115,0.2388408262427234,0.3085080508956365
1116,0.46153091363784987,0.4137501983990352
1117,0.3419166747403174,0.32616018787771106
1118,0.47069343175926526,0.4165775063631561
1119,0.25343546489729407,0.326232662934481
1120,1.0601505550478942,1.3342272799128707
1121,0.24052047189243508,0.34638934765702634
1122,0.23209819138997648,0.46087283879856245
1123,0.23436932686779374,0.38979116794505847
1124,0.13712420366491293,0.447000710394479
1125,0.18515137380339608,0.3973606131937809
1126,0.2054085243859335,0.5028155372828388
1127,0.15787081138621384,0.3094380400804947
1128,0.9548450740764464,1.693685798715996
1129,1.528719230045152,2.4666103292339674
1130,1.7058403337563939,3.762397337891897
1131,1.762356370609576,6.071895877133066
1132,2.5087854849426354,8.875824176519293
1133,3.5510957781451475,15.68744854232953
1134,5.643268303598537,21.73862598219785
1135,23.30758721963444,25.80246986345555
1136,22.081343195731343,8.961677964878074
1137,11.222633357868226,2.549674626078209
1138,2.4506642299613337,1.179239869911457
1139,2.089600875385477,0.756255100685152
1140,2.185828937549023,0.6236827482114866
1141,1.747401960325304,0.7832457248049537
1142,1.2396177135503244,0.7130160566749117
1143,1.0860300926519957,0.7208791593876419
1144,0.934620124199804,0.9600318540331402
1145,0.10104810988690621,0.04777070063694268
1146,0.16238927251553617,0.1624203821656051
1147,0.16502422243164783,0.190206193857935
1148,0.17884716916495477,0.15034651039466856
1149,0.17997021589510712,0.15605095541401273
1150,0.18605928798238908,0.1624203821656051
1151,0.25482301911584343,0.2849299097988936
1152,0.9388298983969611,1.205305444111293
1153,0.24210675821611766,0.4245851023378299
1154,0.34179734464445627,0.5713742638388667
1155,0.3134589859004279,0.4831140836517284
1156,0.36851041091083375,0.5190010899323624
1157,0.2639563726333476,0.39400241041838535
1158,0.3921306008122395,0.6474972303470301
1159,0.327820297043068,0.8312658767189345
1160,1.272987062489863,2.705027435376097
1161,1.5682365163431602,5.579526393078558
1162,2.8046712197183856,7.273831380526584
1163,6.4897425692043935,12.459605556532248
1164,6.833148468581128,15.769512061883725
1165,25.2300969821346,12.532656291889257
1166,15.686767383858417,2.958755428516455
1167,4.446287117386059,2.1239385954134993
1168,2.418455169541667,2.1002583538575434
1169,0.6007949618285482,0.3554704630665595
1170,0.518223450618524,0.21178343949044587
1171,0.2816853514587613,0.21656050955414013
1172,0.22930956059209948,0.12653519365467794
1173,0.2320945636084671,0.17473256498020523
1174,0.22561502389039656,0.19970416172352404
1175,0.24828005081919424,0.06369426751592357
1176,0.7286829118372663,0.9219717275866022
1177,0.09830592843301544,0.0755797796419391
1178,0.11656086731062336,0.1645503217882689
1179,0.15446508319803315,0.17104174134135844
1180,0.08471373355266155,0.18152866242038215
1181,0.1660689240939166,0.1515862299724628
1182,0.10990976932889888,0.18428670510759376
1183,0.2829288623669889,0.30363189333681917
1184,0.8101600171958394,1.2208764865668287
1185,0.2641431604785809,0.8415149378694297
1186,0.3855907830412538,1.0983080511732255
1187,0.27059045788542246,1.0188736384675232
1188,0.35909535650010016,1.4820654978809842
1189,0.2151391410241321,3.632284189666537
1190,0.4363575444061029,6.587469941984583
1191,0.5752528664678879,2.4951373354630833
1192,1.7129426212938403,6.579822289239528
1193,3.4484244228262875,17.50889080318394
1194,7.625813930990057,14.933676483616383
1195,29.249384528700546,2.9569571230841656
1196,8.710516687715218,2.6658982266254085
1197,3.603628663901574,2.0360078188256603
1198,2.14304187943471,1.749196070288581
1199,1.6134642681550042,1.401586376117157
1200,1.2698057675197463,1.4181573691232383
1201,0.29946043358550045,0.3053132515776637
1202,0.1062189456900521,0.10901927008779896
1203,0.14842279468675737,0.11735695795005976
1204,0.07755652530788648,0.13316619876260039
1205,0.14326982020029275,0.11942675159235669
1206,0.08074123868368266,0.1042422000241047
1207,0.09549911956335005,0.05732484076433121
1208,0.45576179597701433,0.811888246501851
1209,0.09029537881107119,0.03503184713375796
1210,0.058448245053109416,0.10723314775899458
1211,0.09143039141837246,0.13014657771905874
1212,0.052078818301517074,0.08121019108280254
1213,0.09779981816996482,0.15084721466173387
1214,0.07118709855629411,0.11814673952660291
1215,0.18011898198502563,0.31948378046697595
1216,1.0552299176927107,1.2686156351538607
1217,0.697766228134663,1.9299143094230935
1218,0.687508850969474,4.458585271068485
1219,0.9148332338790034,4.688928864897529
1220,1.3368318471263094,1.721004370283331
1221,1.458631136761386,1.4532970865746622
1222,1.5374180845775858,5.51251980787339
1223,24.847424427407745,5.258906981783362
1224,14.284479522624716,1.5714193803591523
1225,2.4926296625033615,0.46911897965616184
1226,0.9880816160480909,0.3810504694524764
1227,1.2385426479550352,0.28805263818178023
1228,0.699057018785262,0.2439143793583167
1229,0.5895866304027287,0.2911248611329415
1230,0.6303699538837118,0.30767221469155825
1231,0.7225625337329207,0.21769128238037727
1232,0.6714651784970898,0.9274919144771752
1233,0.24141541270244102,0.1775812701846166
1234,0.0779502910473381,0.03503184713375796
1235,0.09111581523910739,0.09872611464968153
1236,0.062026724168357215,0.01910828025477707
1237,0.08431971779893045,0.09554140127388536
1238,0.07200753498433034,0.025477707006369428
1239,0.07519224836012652,0.022292993630573247
1240,0.41835692970196225,0.6047820360182076
1241,0.07837696173592269,0.009554140127388535
1242,0.0911158152391074,0.04415931657256191
1243,0.10703938211808829,0.05849052676364472
1244,0.05926868148114563,0.04908985210946846
1245,0.119778235621273,0.0589171974522293
1246,0.07837696173592269,0.017242718351506675
1247,0.17281222039450045,0.4809908616478441
1248,0.640501080335593,1.2721405353780537
1249,0.14195373298188588,1.476143916673828
1250,0.05810299548183212,0.36004737127764475
1251,0.06765713560922065,0.29543355938758087
1252,0.05491828210603594,0.2055227310287225
1253,0.061287708857628305,0.21861450225140536